{"recon_images": {"_type": "image-file", "sha256": "ede03269f6beb81e56c3e68a6121b95102649014adb09ad7694633fa3c89e245", "size": 13072, "path": "media/images/recon_images_18_ede03269f6beb81e56c3.png", "format": "png", "width": 90, "height": 90}, "_timestamp": 1685680477.7223673, "_runtime": 322.42368030548096, "_step": 19, "train_loss_512Latent": 81.17362721761067, "val_loss_512Latent": 80.08802795410156}